[
	{
		"inputs": [
			{
				"internalType": "address",
				"name": "_fromToken",
				"type": "address"
			},
			{
				"internalType": "address",
				"name": "_toToken",
				"type": "address"
			},
			{
				"internalType": "uint256",
				"name": "_rate",
				"type": "uint256"
			}
		],
		"name": "createOffer",
		"outputs": [],
		"stateMutability": "nonpayable",
		"type": "function"
	},
	{
		"anonymous": false,
		"inputs": [
			{
				"indexed": false,
				"internalType": "uint256",
				"name": "offerId",
				"type": "uint256"
			},
			{
				"indexed": true,
				"internalType": "address",
				"name": "fromToken",
				"type": "address"
			},
			{
				"indexed": true,
				"internalType": "address",
				"name": "toToken",
				"type": "address"
			},
			{
				"indexed": false,
				"internalType": "uint256",
				"name": "rate",
				"type": "uint256"
			}
		],
		"name": "OfferCreated",
		"type": "event"
	},
	{
		"inputs": [
			{
				"internalType": "uint256",
				"name": "offerId",
				"type": "uint256"
			},
			{
				"internalType": "uint256",
				"name": "amount",
				"type": "uint256"
			}
		],
		"name": "swapTokens",
		"outputs": [],
		"stateMutability": "nonpayable",
		"type": "function"
	},
	{
		"anonymous": false,
		"inputs": [
			{
				"indexed": false,
				"internalType": "uint256",
				"name": "offerId",
				"type": "uint256"
			},
			{
				"indexed": true,
				"internalType": "address",
				"name": "buyer",
				"type": "address"
			},
			{
				"indexed": false,
				"internalType": "uint256",
				"name": "amount",
				"type": "uint256"
			}
		],
		"name": "TokensSwapped",
		"type": "event"
	},
	{
		"inputs": [],
		"name": "getAllOffers",
		"outputs": [
			{
				"components": [
					{
						"internalType": "address",
						"name": "fromToken",
						"type": "address"
					},
					{
						"internalType": "address",
						"name": "toToken",
						"type": "address"
					},
					{
						"internalType": "uint256",
						"name": "exchangeRate",
						"type": "uint256"
					},
					{
						"internalType": "address",
						"name": "owner",
						"type": "address"
					}
				],
				"internalType": "struct GameCurrencyExchange.ExchangeOffer[]",
				"name": "",
				"type": "tuple[]"
			}
		],
		"stateMutability": "view",
		"type": "function"
	},
	{
		"inputs": [
			{
				"internalType": "uint256",
				"name": "",
				"type": "uint256"
			}
		],
		"name": "offers",
		"outputs": [
			{
				"internalType": "address",
				"name": "fromToken",
				"type": "address"
			},
			{
				"internalType": "address",
				"name": "toToken",
				"type": "address"
			},
			{
				"internalType": "uint256",
				"name": "exchangeRate",
				"type": "uint256"
			},
			{
				"internalType": "address",
				"name": "owner",
				"type": "address"
			}
		],
		"stateMutability": "view",
		"type": "function"
	}
] 